Bound,Budget
1.00E+03,621.2648824
7.00E+02,534.0512366
5.00E+02,475.1488913
3.00E+02,415.9529734
200,387.8290881