Time,NDC-cond,NDC-uncond,LTS,LTS-2
2030,358.2705,609.05985,358.2705,358.2705
2035,358.2705,609.05985,350,330
2040,358.2705,609.05985,330,300
2045,358.2705,609.05985,310,270
2050,358.2705,609.05985,290,230
2055,358.2705,609.05985,250,190
2060,358.2705,609.05985,200,155
2070,358.2705,609.05985,170,152
